rul_bucket,samples,mae,rmse,mean_true_rul,mean_pred_rul,model
0-15,102.0,18.50837826175142,23.789912227752538,10.617647058823529,2.5082010638261107,Linear Regression
16-50,128.0,21.61566539802003,26.407285096211364,32.390625,48.548440611407635,Linear Regression
51-125,327.0,32.448109028140365,39.53077754514257,89.40978593272172,117.47442829525633,Linear Regression
126+,150.0,26.686282230786425,33.51755291843318,154.06666666666666,150.39157635408662,Linear Regression
0-15,102.0,6.884607843137254,9.334720292605262,10.617647058823529,16.773627450980392,Random Forest
16-50,128.0,11.927421875,16.31139141348003,32.390625,40.914453125,Random Forest
51-125,327.0,28.362752293577984,36.28390178925066,89.40978593272172,109.67278287461774,Random Forest
126+,150.0,31.671066666666665,40.25238429376989,154.06666666666666,155.1692,Random Forest
