model,samples,units,mae,rmse,r2,mean_true_rul,mean_pred_rul,mean_error,mean_abs_error
Linear Regression,707,707,27.253371627249038,34.19097550309726,0.5518216467606325,81.43705799151344,95.39308544898479,13.95602745747136,27.253371627249038
Random Forest,707,707,22.990410183875532,31.834182992331534,0.6114782737750134,81.43705799151344,93.47431400282885,12.037256011315417,22.990410183875532
