tag,samples,units,mae,rmse,r2,mean_true_rul,mean_pred_rul,model
FD002,259.0,259.0,24.52638484513662,29.952332296207892,0.6898018739953191,81.18532818532819,90.60516238427314,Linear Regression
FD001,100.0,100.0,26.248364307062907,32.15833532076645,0.4011368718270014,75.52,95.39392982939091,Linear Regression
FD004,248.0,248.0,27.57858966500938,34.89835765280945,0.590326516949405,86.5524193548387,99.05863910178995,Linear Regression
FD003,100.0,100.0,34.5147339794607,43.43793127100847,-0.10110674355803018,75.32,98.70238874722502,Linear Regression
FD001,100.0,100.0,18.5444,23.712596694584082,0.6743892868343967,75.52,86.5984,Random Forest
FD002,259.0,259.0,20.627876447876446,28.209799441966698,0.7248447038712627,81.18532818532819,88.85243243243242,Random Forest
FD003,100.0,100.0,25.2265,35.241631559846944,0.27522506158972204,75.32,94.19870000000003,Random Forest
FD004,248.0,248.0,26.348830645161293,36.47514820660155,0.5524701515193471,86.5524193548387,100.78165322580645,Random Forest
