model,evaluation,samples,units,mae,rmse,r2,mean_true_rul,mean_pred_rul,mean_error,mean_abs_error
Linear Regression,Backtest,139798,709,34.881589880200444,47.8721385901237,0.6189806781667604,109.26433139243765,109.03376534384687,-0.2305660485907896,34.881589880200444
Random Forest,Backtest,139798,709,29.968082948253908,44.43002532124527,0.6718031088087479,109.26433139243765,109.52117469491695,0.2568433024792915,29.968082948253908
LSTM,Backtest,139798,709,29.2090506596397,43.13332752591733,0.69068052263628,109.26433139243765,110.3012924194336,1.036963946821966,29.2090506596397
Linear Regression,Official Test,707,707,27.253371627249038,34.19097550309726,0.5518216467606325,81.43705799151344,95.39308544898479,13.95602745747136,27.253371627249038
Random Forest,Official Test,707,707,22.990410183875532,31.834182992331534,0.6114782737750134,81.43705799151344,93.47431400282885,12.037256011315417,22.990410183875532
LSTM,Official Test,707,707,24.499052047729492,34.0251084908263,0.556159496307373,81.43705799151344,97.68242645263672,16.245364059653276,24.49905177660002
