tag,samples,units,mae,rmse,r2,mean_true_rul,mean_pred_rul
FD002,259.0,259.0,20.27264976501465,28.328121768132746,0.7225316762924194,81.18532818532819,88.97606658935547
FD001,100.0,100.0,23.506921768188477,31.643584930995985,0.4201551675796509,75.52,95.62733459472656
FD003,100.0,100.0,25.200658798217773,36.024363432851764,0.24267232418060303,75.32,97.75114440917969
FD004,248.0,248.0,29.030061721801758,39.18264959515723,0.48356521129608154,86.5524193548387,107.57589721679688
