samples,units,mae,rmse,r2,mean_true_rul,mean_pred_rul,mean_error,mean_abs_error
707,707,24.499052047729492,34.0251084908263,0.556159496307373,81.43705799151344,97.68243,16.245364059653276,24.49905177660002
