rul_bucket,samples,mae,rmse,mean_true_rul,mean_pred_rul
0-15,102.0,6.533600330352783,8.280360911883895,10.617647058823529,17.013574600219727
16-50,128.0,11.04061222076416,14.930448902941913,32.390625,39.820926666259766
51-125,327.0,31.388145446777344,40.339940394299354,89.40978593272172,115.44049835205078
126+,150.0,33.181861877441406,40.8935027168513,154.06666666666666,163.19976806640625
