rul_bucket,samples,mae,rmse,mean_true_rul,mean_pred_rul
0-15,11344.0,25.717347197504036,32.201357457680054,7.5,-13.122608544936577
16-50,24815.0,23.429662535674847,29.48713837808828,33.0,49.455643151058645
51-125,52619.0,31.929719103473673,39.14325725924528,87.68560786027861,114.80009361789635
126+,51020.0,45.533554491088275,63.606958497499285,191.2393375147001,159.22495664443858
