fold,mae,rmse,r2,train_samples,val_samples
1,37.521468454729245,52.39393211119787,0.5494363430253209,111818,27980
2,33.69983747416126,46.29633918110858,0.6451799558760865,111917,27881
3,33.98772070346173,45.58379732520633,0.6520485005709385,111819,27979
4,36.35800515207792,50.70660009570906,0.5696725610595987,111819,27979
5,32.836684026580784,43.82528139157333,0.679563521830312,111819,27979
