samples,units,mae,rmse,r2,mean_true_rul,mean_pred_rul,mean_error,mean_abs_error
139798,709,34.881589880200444,47.8721385901237,0.6189806781667604,109.26433139243765,109.03376534384687,-0.2305660485907896,34.881589880200444
