samples,units,mae,rmse,r2,mean_true_rul,mean_pred_rul,mean_error,mean_abs_error
139798,709,29.2090506596397,43.13332752591733,0.69068052263628,109.26433139243765,110.30129,1.036963946821966,29.2090506596397
