fold,mae,rmse,r2,train_samples,val_samples
1,30.42681884765625,45.97506701582255,0.6530723571777344,111818,27980
2,27.978050231933594,40.69977943304408,0.7257801294326782,111917,27881
3,26.838075637817383,41.121133639965926,0.7168426513671875,111819,27979
4,31.976238250732422,46.57169319900099,0.6369937658309937,111819,27979
5,28.82171630859375,40.88578257532654,0.7211073637008667,111819,27979
