rul_bucket,samples,mae,rmse,mean_true_rul,mean_pred_rul
0-15,11344.0,6.800390484649557,8.422745131220875,7.5,13.733986854553223
16-50,24815.0,11.082476440524228,16.05935932746732,33.0,39.334529876708984
51-125,52619.0,27.66180697373516,36.72277054170992,87.68560786027861,106.39315032958984
126+,51020.0,44.603586053231425,59.714353405066994,191.2393375147001,170.31976318359375
