rul_bucket,samples,mae,rmse,mean_true_rul,mean_pred_rul
0-15,11344.0,4.979010930888576,7.02261226229961,7.5,11.694834273624824
16-50,24815.0,13.654791053798107,19.26843266235611,33.0,43.84023453556316
51-125,52619.0,27.6997877192649,36.00401375242491,87.68560786027861,107.15517455671903
126+,51020.0,45.79806722853783,62.293647792546565,191.2393375147001,165.65820129361035
