fold,mae,rmse,r2,train_samples,val_samples
1,32.11188027162259,48.36439965939686,0.6160755466088723,111818,27980
2,28.585856676589792,41.40877293181037,0.7161430279736789,111917,27881
3,28.941248793738158,43.00675941517935,0.6902786458877422,111819,27979
4,31.92554344329676,47.771603482270805,0.6180472045396966,111819,27979
5,28.2709675113478,41.03297750777774,0.7190955704192316,111819,27979
