samples,units,mae,rmse,r2,mean_true_rul,mean_pred_rul,mean_error,mean_abs_error
139798,709,29.968082948253908,44.43002532124527,0.6718031088087479,109.26433139243765,109.52117469491695,0.2568433024792915,29.968082948253908
